X1,X2,Y
-1.2747272973436412,1.1149043613602225,0
-1.2370949590028208,1.4780846561742724,0
-0.6765921199808568,1.4009541658191014,0
-0.24310643902231055,0.5718609455765192,0
-1.7238801349444757,1.2567468622748572,0
0.23298488600114675,0.4436669834847219,0
-2.015080414527563,1.7718777026545236,0
-0.18330532867406635,1.072813488547021,0
-0.8577389053553004,0.9249385512331847,0
0.19292830123822013,0.8475366869146693,0
-2.260180420649985,0.32825965521337874,0
-1.154407670680223,1.8057738059012216,0
-0.05993797701649184,0.8597939216279911,0
0.4527961596352579,1.2279793428503984,0
-1.8073844970949833,0.9531407163278685,0
-2.4046637552100227,0.7105855174728612,0
-2.4285642742265043,2.098652972121833,0
-1.9796747507674195,1.0829423048192208,0
-1.5753573107324659,-0.04547120539878846,0
-0.17136520696861013,1.2959876978247857,0
-0.9843160335687704,0.9754404249874109,0
-0.281554960067241,0.6695003974255423,0
-1.8057787101785414,0.7424519607946165,0
-1.8193108547292858,0.5631394005842827,0
-1.0681193464154681,2.0296451175164734,0
-1.24691897397256,1.5274278741731842,0
-1.356068477322329,1.0207962422136545,0
-1.172767668930981,0.6704155419054525,0
-1.3126877039590181,1.1887915397095512,0
0.010475816905294089,1.0591405225532382,0
-1.3820298804811004,2.0554455323837075,0
-2.544352596167904,0.5343132466612789,0
1.239103517790627,1.1245960924955478,1
-0.034262068706240933,0.6011912494288267,0
-1.5786090189257385,1.1234107087785137,0
1.014932429653805,1.407548618645193,0
-0.894094900828873,1.8325969142017329,0
-0.7198370500393068,1.874266851617164,0
-0.01585829237294023,0.252203671546942,0
-1.770481929617059,1.0046454236980717,0
-1.0457575406655575,1.585845945207956,0
-3.4153467138701217,0.8013919788637325,0
-1.7298119961228187,1.1880208390328073,0
-2.6994833529167535,0.5347194234368443,0
-1.8894716718228977,0.9979679576375188,0
-0.1629485246426341,0.5298529931897603,0
-0.9923474009433306,1.0132103689844396,0
-1.1455569061595368,0.0025821016958902376,0
-1.4744632834883007,0.5026936982792616,0
-1.5148301899524022,0.311220907579842,0
-1.678917885769275,1.0039829236699855,0
-1.9757510309389468,0.6112286249465833,0
-0.6848861707683886,1.503956124559012,0
0.04836088931101257,0.9874953520214458,0
-1.5328536973971576,1.0848925108760408,0
-1.9951931703513384,1.3434471217653154,0
0.5461558205564662,0.5866546398883081,1
-1.2743939044066845,0.9064375335325439,0
-0.9574802871987559,1.5306133045137242,0
-0.8368932185611279,0.568315220872254,0
-2.4045565835232683,0.6989706641679064,0
-1.3143191355331898,0.43198058635960335,0
-2.0751276189546286,2.1400656215030867,0
1.1406989509755832,1.1709678254651523,1
-0.7857034879500899,0.29822340953319604,0
-1.8045548150632278,1.823271337937502,0
-2.5837924506586494,2.0316056203350508,0
-0.707689209230134,0.9074783079545486,0
-0.9122679008519753,0.49309331783856747,0
0.8712232413754113,0.8176008955939061,0
-3.156089481466333,1.4576251408107204,0
-0.6445543892525305,1.0310573224337563,0
-0.9888872130732511,1.406473125969533,0
-1.4118950774193717,2.1242058837746987,0
-1.2615643500621858,1.7529618929006603,0
-1.3917463101363499,1.4405083364290774,0
-0.5381974306277433,0.4423217582830784,0
-1.2047300060116077,1.0617127832935915,0
-2.1666596595706475,0.8540626230487094,0
-1.4958192464739746,0.675551505907549,0
0.46537346574016425,1.3006293548547356,0
0.6635862043968199,0.6061243631561442,0
-0.3841172192267369,0.8568075875599668,0
-0.7908078855010046,1.5326015833086895,0
-2.0361172033054067,1.9407812225601333,0
-1.2058356362670628,0.7650184919967439,0
1.3312919415765598,1.2417895352080643,1
-1.0705124429407058,0.5447416961819876,0
-2.8554889811785795,1.137315433649415,0
1.5888919469987457,1.7170245768421197,1
-1.639266917969255,0.7231661220661187,0
-1.649238053428892,0.036934314197450524,0
0.03935022945768596,0.7635088076926093,0
-0.5734343957600532,0.5769780548198128,0
-1.106476842478742,0.9547879424994042,0
-1.7176147742256855,1.5721837801482574,0
-2.1505030523411017,0.7993972592362985,0
-0.5395720494707636,1.1540769930270425,0
-0.3903845417610714,1.3183910886808312,0
-0.29819323500357986,1.3649542657298444,0
-0.3829683501946506,0.923594921750209,0
-2.430721003516802,1.24788892443978,0
-0.08260146089984366,1.0073078922434842,0
-2.162457154093188,1.107303574685309,0
-1.1986327240633288,1.0267999112507897,0
-1.24644958428647,0.7676041743586084,0
0.9775740718531744,0.9541357689536764,1
-1.5291600895571595,1.132375054483855,0
-0.027295664806671116,0.7290656213699317,0
-0.35600225601415525,0.2475583812726787,0
-0.07141541809110241,0.6314855271308955,0
-0.5999871539329923,0.789315965875674,0
-1.6341720082476008,1.1320230364686024,0
0.3779513818183913,0.5164139851801959,1
-0.581194380960553,1.005460602942688,0
0.07219603503261807,1.3576508251534753,0
0.018444156259784572,1.218883265187082,0
-0.8631106688903815,0.7385471213381556,0
-0.18503198647253094,0.13439952183525106,0
0.892471585952232,1.0314365895846354,1
-0.8255481173611467,0.34381676119673366,0
-0.18465402438494605,1.2273407512925156,0
-1.2503055185128955,0.5222350006620571,0
0.1313008350864333,0.3172004550954919,0
-1.1679965127839624,1.191731661096632,0
-2.515964607440207,1.444403042870083,0
-1.5405105409397093,0.5348393367258297,0
-0.7586199049323323,0.6115054071787491,0
-0.24860118960614286,0.023980255060390587,0
-1.152301396839438,-0.03074296452153691,0
-1.1235865401313472,1.4564945390680293,0
1.6923066466948717,1.5841287772554606,1
-1.9059268197881176,1.6739618629487336,0
-0.2775319100136182,0.9026567995600336,0
-1.7411317847580787,1.5375196607961885,0
-1.060792886565982,0.8827066256481895,0
-0.7476204608128365,1.1678041632792246,0
-1.1802054340992032,0.24969492003134963,0
-1.7810038135282156,0.406279092967466,0
1.6308998780253239,1.6245091838318246,1
-2.374009750497538,0.9540956208393495,0
-2.561481722814398,1.325942207240521,0
-0.5439778710154106,1.4524139186933174,0
-0.4683294520262926,1.6252098187219681,0
-1.1902065823861074,1.5294066874930472,0
-0.219928755717835,1.5794213174399934,0
-0.6870573450942953,0.4932335880099009,0
-0.9921727550458314,1.079015905321849,0
-2.114535261182068,0.5579050307606173,0
-1.0019282771254034,1.0049066858681783,0
0.18689369345476137,0.5465573464290181,0
-0.3922827300375047,0.30537387273809913,0
2.3816013719347353,2.3184872257863836,1
-1.8000704407772465,0.8871833144814831,0
-1.8531280092370923,1.9793011752033847,0
1.2957754090752032,1.3815960215566594,1
-0.9488711467980494,0.7452147889783772,0
-2.4495993030290037,0.9080261317099593,0
-1.275513336708159,1.1546855559765221,0
0.013621632619610358,0.80988305316528,0
0.12976413730625924,1.0069118870314786,0
2.1048679549550817,2.2270948582413834,1
-1.2643161441844293,1.2326214718602224,0
0.9687077925923675,0.33529854175505935,0
-1.1146272732861442,0.7459019356106318,0
-1.4638781397491827,1.0390506360230607,0
-1.0105381807019145,0.48334300986140877,0
-1.0295598191012076,1.548149462972488,0
0.7220915154096521,0.7010422817963783,1
1.6860182218413957,1.6857872812661618,1
-1.362809565585493,0.8006215338150164,0
0.23837336334483594,1.0359600601151475,0
0.9041870528583729,0.9074523890100088,1
-1.4725735155244888,0.5238471379574061,0
-1.9936444274659197,0.8440249802047296,0
-1.5844468293988867,0.9637492409989601,0
-1.0928994867765596,1.0165771894679103,0
-1.1628205972011278,1.7508176600569016,0
-1.7476413840265095,1.4198419761447667,0
0.8609097773185157,1.0284100591231564,1
-1.1057457233259713,1.34489185127806,0
-2.6648336739437912,1.8005755116239552,0
-1.2543059122277003,1.556695241140857,0
-0.3200778449294658,1.338148783912155,0
0.8221687950513072,0.975977867360179,0
0.5866511961247882,0.22431629750320847,0
-0.06349072076688034,-0.2992664326311545,0
-0.21862720120633805,1.8454316702591318,0
-2.157833191642427,0.2716847325108739,0
1.062436159631547,1.167852794580265,1
-0.017711126712578684,1.5164950424956047,0
-3.456241816245719,1.059518288714706,0
0.4121700686284342,0.9485801811872465,0
-0.4644551659919963,0.695455146761212,0
-1.2953116733573116,-0.13170169333744108,0
-1.7274597841013193,1.5394630296766758,0
-0.6240318514925495,1.0272884782226006,0
-0.9700714187356748,1.1422137460807398,0
0.13449547371071202,0.7890531537268112,0
-0.8240714965274476,1.1904811606462442,0
-0.3346330528378785,1.697357709509788,0
-1.690788095278371,0.3632777445961526,0
0.6624786630897954,1.0535205842519229,0
-0.49498599420452394,0.8027571327114322,0
-0.39436899445082874,1.052851732595753,0
-0.9664458376712353,0.9853451002448204,0
-0.07473645522522798,-0.0009766302099014634,0
-0.21397357987694754,0.3718616986723493,0
-1.671094380670234,1.727079183833359,0
-0.23315126989808466,0.04491080979749151,0
1.817807887856628,1.9625523572162464,1
2.206161620961506,1.9586727663798447,1
-0.8457931437004305,1.0831814245110825,0
1.3176993439032496,0.45082948154640745,0
1.5959715126101628,-0.5663585837078868,0
0.2845880229190034,0.6639795491813664,0
-1.1260182842754674,0.8039673134609698,0
-0.5338508149144636,0.7174774928927823,0
-1.4663651826045347,0.5588529462892615,0
-0.9929560457645867,0.937441336584396,0
-0.18031884108561258,0.5104572167400154,0
-1.3333041705169082,0.7398671196538582,0
-0.8714911962929166,1.2027753418985108,0
-1.3561713140508003,1.391138433169074,0
-2.1461041048189013,1.767489639051915,0
-1.1928327803526855,1.5605883937132854,0
-2.2332074165257665,1.6917559425316941,0
1.6717150183290497,1.7092131038641938,1
-2.458142530582668,1.324310769582455,0
-1.9414281376984943,1.4674173930513135,0
-0.64279933715899,0.9116067138215379,0
-2.8211496750527534,1.4256156704094731,0
-0.7749873679902947,1.2309584803990237,0
0.16411403782171408,0.2557818627055508,0
-0.8422110802439211,0.7667209723734996,0
-1.6897662912353035,0.434399917797179,0
-0.5481298630048472,0.6308387979032675,0
2.596327721263629,2.444353016378181,1
-2.622250436328847,0.9679041359024442,0
-0.496988647795908,0.5728318427964907,0
0.3724528584667257,0.6918392421625849,0
0.6755509304707726,0.8098551734792055,1
-0.08913475185495334,0.32297988086800633,0
-0.11876050765686286,1.1481812783768897,0
-1.94578719642181,0.930917483569842,0
-1.8284851795289032,0.49170263346053733,0
-0.7302531959744105,0.7465820612807043,0
0.5473785218416019,1.8011640016495571,0
-1.817820985213729,1.5974207070254571,0
-1.81613218654726,0.832134240757143,0
1.703227732711611,1.584489897302563,1
-1.0269656083825573,1.836902180302974,0
0.8464975315568048,0.8220405947050304,1
-0.28271188024526217,0.7591480809831551,0
-0.06465307475164017,0.7702250699501394,0
0.32383081743134146,0.27493663136216817,1
-1.1048146455627585,0.8300042765943318,0
0.8237687398732552,0.3654044465482754,0
-1.9112662086104946,1.2652312962905499,0
-2.6388155359206342,1.147690465810069,0
-1.5442537974750112,1.228644616875161,0
-0.4685306279643219,1.1183590824657625,0
-2.3576144528604286,0.7760384612218588,0
0.5353234198960286,1.7133704640818097,0
-1.2234653468950967,1.4458031385922703,0
-0.8662812485230696,1.9614040850320418,0
-1.0834151756665367,1.1513928641263662,0
-1.1131127352680479,0.928443649560921,0
-1.8534267905927733,1.1395646521074396,0
-2.249941170103942,0.1332987818550313,0
-0.5986802445819023,0.26001722598495414,0
-1.01319200965635,0.6414417665772302,0
-3.287756906452071,0.47267236271857804,0
-0.5700363705967838,0.4537795818338022,0
2.672492965683185,2.5456310334512278,1
0.8568947741947495,0.8621526541202886,0
-0.26675813970794815,0.6914812138312,0
-2.433479875581794,1.1706048506896056,0
-0.26307030540346066,0.9363267456857635,0
0.48545816079588433,0.6829088078780402,0
-2.1532879323587943,0.2799399405823846,0
-1.1130155961180959,0.5781944253087707,0
-2.091200702698595,0.6518959090597496,0
-1.5981805022455358,1.576764758276826,0
0.9414744010697718,1.1487581435992031,0
-1.7739053967987037,0.972305368457675,0
-2.0164283134912617,1.0919550145588777,0
-0.4183745392661624,1.486507983222628,0
-1.1244083113625547,0.9166943630665851,0
-1.612319447555398,0.8620748531433587,0
-0.8224668902668966,0.40847125995420364,0
-1.5512205724117127,1.9866912259525358,0
-0.935393322941461,0.7470141059885624,0
-1.1798330797285916,0.07244172988080921,0
-0.5039835504681068,0.16822073492494438,0
-1.8219181627712726,0.7212181425948715,0
-0.628943984561404,0.6432014138630009,0
-1.526519108698181,1.0284081786829629,0
-2.0060609023496294,0.6403950345886487,0
0.023918181317394538,0.5639002984469548,0
-0.6974610208419734,0.42560857579809785,0
-2.3324983654339655,0.6246946886517495,0
0.0008299410765628679,1.4913425032004493,0
-0.19783441465591645,1.1860168783891296,0
-2.294448785123801,0.15013642631666446,0
-1.330742952065477,0.3506901207817076,0
-0.4394949383706157,1.2362146765490922,0
-0.6534273600950466,0.7627683092464596,0
-1.7922670472798736,0.6211240378958373,0
-0.23164302942585824,1.4345433426334566,0
0.281672914290354,1.6627099373590069,0
-2.6888024850276886,1.8167102678780203,0
-1.7843430047950708,1.0969135775920185,0
-1.7310233964445647,1.0955758044041652,0
-0.741522444596692,0.6552915082370423,0
-0.3245266099298054,0.38464025974431737,0
-0.5102570011610945,1.1844270268374926,0
-0.7234089222109731,1.0802335664298923,0
1.2410603943782008,0.5325593984642807,0
-0.4806005737703821,0.7652132112677562,0
0.04377633480432874,0.760189131348686,0
0.7103915092220354,0.3261811339807802,0
-0.2076781804379324,1.389311443529369,0
-0.2032471979873507,0.2947975132837335,0
-1.123281494123869,0.9874351324301214,0
-1.456322451197638,0.8874220821430088,0
-1.1301088891281696,0.798321073586386,0
-0.1613481427144352,0.7024490402740673,0
-2.0141323082172624,0.7206538112014294,0
-0.8984471924526043,1.305927498289237,0
-0.224220669725401,0.4508299945961748,0
-1.2774642502506035,0.01587606940797448,0
-1.9267768895045316,0.4861081832196985,0
0.2371066393224286,1.5817637408989245,0
-1.3961818761592624,0.4880518922489183,0
-3.1975342244186695,1.3013256508044126,0
-0.1526877112938444,-0.5662647682670432,0
-1.294490779629043,1.1348135634095025,0
1.0318467942723328,0.8970767402032576,1
-2.575452526689676,0.016392003157820856,0
-1.497523695824918,0.7355744782085349,0
-1.190833033884379,1.3928468246913561,0
0.5334437246703785,0.5633270568060995,0
0.45887339289939466,1.35205168531117,0
0.846317748031462,0.8626091052465901,1
-1.2941273647628055,1.0271281419342588,0
-2.701936565322689,1.3787700802779586,0
0.7563601644801297,1.3512807358861179,0
-2.301666904867351,1.2676362686103186,0
-0.5232324711962071,0.581358651142292,0
2.57285250833262,2.639201345226283,1
-1.3219058982086263,0.5550250961550247,0
-0.5815636090871878,0.5318621476170571,0
1.146660457086229,-0.11299857568832317,0
0.17031418165083267,0.7184278880202444,0
0.060811582783379836,-0.005486547563497091,1
-0.8862887078313317,1.4082389506274788,0
2.133960311539968,1.9417840130247765,1
-1.9809418986021554,2.2605597412155416,0
-0.9032032576619933,0.8175647643687203,0
-1.8147162694799643,1.3239168871946045,0
-0.2960510030115855,2.137106471388729,0
-2.192971674339411,0.6530612102119528,0
-3.71030453817998,1.164280584517588,0
-0.6982249960493504,1.4926209013490288,0
0.4156139737445883,-0.12974051006262122,0
-1.6821228447754857,1.3985695582550859,0
-1.249791070321575,1.6178824646711654,0
-1.277001749624055,1.224910440131572,0
-0.7087456630238673,1.0437695190726597,0
-1.8859771956000815,0.6013676267381703,0
-1.3277611346187224,0.541266884784656,0
-1.2996938537983087,1.6143863766547066,0
-0.1795736560300547,1.6236797947070558,0
-1.0888534367367508,0.9865191578513434,0
-0.9991460116657661,0.7602863674484156,0
-1.1368448776468174,1.3103301883943668,0
0.1749397252715803,1.033398574127148,0
-0.1783539888974901,-0.36184362430485395,0
-0.4383017197592586,1.1234239437658,0
-1.0670171196260605,1.8095862704293117,0
-2.3390979200086415,0.14784208947500033,0
-0.3066294580533786,0.804847921657195,0
-1.7260530214063432,1.2331714146738708,0
-0.9252513755618479,0.3957313312370564,0
0.8388963748435763,1.8623213261299962,0
-0.8622020382105522,0.6833150650572071,0
-0.6034733134196405,1.6261099557260277,0
-1.0324163853925823,1.7251949625739935,0
-0.8255029429502975,0.7230087998330843,0
-0.3853459025259981,0.43922603413194994,0
-0.5750154837774305,0.8815399724191809,0
-2.657751300931733,0.4588323469959136,0
-2.8238424888726876,1.4788274082547948,0
-1.6889413532532624,0.3150890594008121,0
-1.5726820418595056,0.8287716206362926,0
0.16646404505224455,0.9693053528627072,0
-1.8808586175334412,0.636596339547626,0
0.34855826084015784,1.1965905384577131,0
0.3384157132452079,0.7523851759040916,0
1.7417990418396592,1.789068713475002,1
-1.7958739228016065,0.7166939521769304,0
-1.938484791633579,0.9183402729350483,0
-0.27748873915802963,1.7302175678139502,0
-0.43778301554534993,-0.016837559263832347,0
-0.7750923594082116,0.3558316714140739,0
0.9201091403801173,1.1679099567512128,1
-1.8861793240134719,1.2986737172118707,0
-1.389566111597651,0.8879981404862114,0
1.389974807645525,1.2499666464451504,1
-1.8744761775524674,0.8050592269800811,0
-1.497603154836217,0.04534246346430992,0
1.2765771480425254,1.2553604531402403,1
-0.4978954830579845,0.33432558347389785,0
-0.5021817834682578,0.7708924800153023,0
0.9117525601520096,1.0727304404250035,1
0.5703825456328788,0.7374376716546007,0
-1.6416052327564918,0.880856614778845,0
1.371531665997357,1.4686161426313509,1
-2.3429250538957165,1.0691658660941747,0
1.4564218608358128,1.6105636428790884,1
-1.9162740884994682,1.167489210306196,0
-1.4036025480848373,1.680326790502823,0
0.333363813697126,1.1717284708375355,0
-0.5747121951505906,0.5168227339647441,0
1.0775961533514624,0.9837480745701058,1
-0.5487819184015431,0.4564940492475982,0
-2.859477150225517,0.47533340911111654,0
0.9175547601791929,0.6371310666819421,0
-1.7750735460869729,1.0318936317513145,0
-0.6139803469944742,0.7666862192629573,0
-2.2702505616211095,1.4428875023879235,0
-1.2384987806689156,0.8075911747540221,0
-0.015718134148278384,1.3892789983768357,0
-0.6495310304244355,1.9496745810465776,0
-2.0139657303688363,1.5323011671965054,0
0.2099587056349328,0.030417884477012658,0
-1.792899735413155,1.3977305255409873,0
-0.8556962202510148,0.8704296979999537,0
1.4589173052193183,0.6735903012195861,0
-2.585080074756584,0.7207481688339912,0
0.26160737213307184,0.06835684381376117,0
-0.027646639566090703,1.3729841539462981,0
-1.3838714617849344,0.7233133834391119,0
1.2103197809720558,1.4388952420677228,1
-1.4510420942010207,0.9905450714465682,0
-0.22491286520642118,0.9142048219631876,0
-0.5337775958947129,-0.1293833839333085,0
-1.224024860658557,0.4323264484164546,0
-1.5160696100650524,0.9149926456835997,0
-1.4306647840268254,0.5271166780226338,0
1.3575924100299157,1.21007166035894,1
-0.2277444718945495,2.361625648147103,0
0.44286647029580517,0.241134559181722,1
0.041861210284070305,1.258234884170017,0
-0.058458629254448224,-0.022746915607408935,1
-1.517608737088111,0.5744119228303763,0
-0.96700094424581,0.26458607290758696,0
-1.5885702783912292,1.782475593647789,0
0.48638509451711776,1.3023877796769368,0
0.8251001586118067,0.8562249232728967,1
-0.8226914022923363,1.0585476063255732,0
0.018613997771461888,1.103292442707318,0
-0.9337522652914919,1.712832768362178,0
-0.43444321409759956,0.7508870277153852,0
-0.7853741511936303,1.0014385741747898,0
-0.7736361678462431,1.0484938391363778,0
-0.395996867245335,0.7478996281674704,0
-2.0796881603661688,0.6002414868555668,0
-0.5021039369834853,0.7950366461487898,0
-1.4728268931194644,1.8618803905011378,0
0.7837284875454111,0.10026782876385343,0
0.8053989583215779,0.5256415227010255,0
-0.9054763474046159,0.15186870411097475,0
-2.1044101993677558,1.1273317324578467,0
-0.7928991213270995,2.1056098187926415,0
-0.3005832575594892,0.9988457676253193,0
-1.0110300361483349,0.7844684900743638,0
-2.3014717742140047,-0.7298333639249424,0
-3.517502145045543,1.330758061684146,0
-1.003055925918928,1.911593347439477,0
-0.8842973811647743,1.2758716534686796,0
0.5250811915858793,0.6291326365226725,1
-2.5060028997927626,1.7284298913501126,0
-0.8056094856723818,1.352862906314737,0
-0.0768804500463196,1.6087240635526072,0
-1.2060202272974416,1.6041911184670703,0
-0.7436098521955408,1.8539097784059724,0
0.6575427918900283,0.8795380447432783,1
0.9401768075561112,0.9517650230661672,1
-0.850325822508868,1.4887417057006886,0
-0.660571362385448,0.8731476981286616,0
0.14246521890492758,0.7131531607562678,0
-1.099706508653502,1.9119705343693072,0
-0.7427745844207836,-0.08626069471938491,0
-1.1441635840587439,0.602597838838969,0
-3.599265250913469,2.036520327966268,0
-3.299260469848093,-0.18698676445997475,0
-0.7342017609534076,0.7414346667257108,0
-0.7754178572826077,0.1993587197597766,0
-1.1398894645854125,1.2218400097326219,0
0.6918441720606525,1.5100510839325567,0
-1.42668156686066,0.773929119462257,0
-0.6533816942738255,1.2998678933127623,0
-1.898298610262369,1.3355316001679611,0
-0.9141642216711218,1.2665364365472673,0
-0.4916411920899326,0.920401682833842,0
-0.9285894112084724,0.6703609263836914,0
-1.185387602706624,1.5700502842348447,0
-0.14716662420939364,1.9227517128223686,0
-0.45995087550894764,0.33925930138157334,0
-1.270736274816071,1.936654101692055,0
-0.945575839824453,0.9746589079914133,0
-0.07606246935400152,0.11146415099599916,1
-0.8711639435280804,0.8992514688183988,0
-1.3621908905870912,1.1205107192286194,0
0.5234224241137184,-0.24837996370529303,0
-0.3172010234945749,1.1607241657217837,0
-0.32130806934225986,-0.298755310065028,1
-0.7013864744302277,1.5299182639265472,0
-3.143798849887893,1.2437576864146516,0
-0.4342408808000474,1.2314842975270026,0
-0.9517232669210407,0.47399562660771666,0
0.27496015704529,0.4224605033016535,0
-1.9775775260629533,0.571420301945087,0
-0.08491239825489605,0.39631234530725634,0
0.20485591391910996,0.9060335995820238,0
1.0356157167953932,0.061626837881624486,0
0.6630573224243443,0.6401276793635451,1
-1.4608049217396943,1.2039193546135507,0
-1.6709954211080367,1.0518091041890483,0
-1.0012291811702947,2.0012137876232527,0
-1.673869377792042,1.4848060204037932,0
-1.461395947738383,1.1333031270460063,0
-3.105589978521142,1.232788668424498,0
-0.4176670941490328,1.2009544748360286,0
-1.4099015248412865,1.7606392311686978,0
-0.996028509824507,1.4046484493730644,0
-0.3642477085923791,1.8197320694484516,0
-1.3577537687991337,1.1006654090761223,0
-2.833677885774123,0.46076960191704763,0
-0.7790875237823707,1.723553085063815,0
-0.12380220926312213,0.5218483837351167,0
1.3700247342710816,1.4506156130343468,1
-1.89563949645339,0.7122556773005635,0
-1.4947389856300284,0.7198915138456305,0
1.1835455682085805,1.1708294819909062,1
-1.0950161587814464,-0.010955504513631364,0
-0.29221735802237603,0.5516538436006517,0
1.1716223202327534,1.2142215735292574,1
-2.7964949072665393,0.29182932175284715,0
-0.47364890632237666,0.8804775538899098,0
0.7498858151696663,1.559024061890407,0
2.5662473075993484,2.59157353173725,1
0.6242904054663228,0.7826238068221136,1
-1.5924325071434882,1.3493650552753913,0
-1.2407787596980062,0.8734694575943931,0
-0.24039659882763276,1.0547071351939878,0
-0.8817405556802314,0.6395739556998657,0
1.746284968300863,1.505924575800797,1
-0.5155426138636163,0.9918146066705185,0
-1.1599816834848538,0.9855590661158129,0
0.13182117433191753,0.5513259289923179,0
-1.155052578519786,1.2850857360509549,0
-0.3194375880587945,0.11443090326816696,0
-2.133406381130182,1.9232833240405418,0
-0.41969355762523164,0.7290688434782735,0
-0.6856672248971345,2.1510831988305017,0
-0.8862073548695617,1.386863073771469,0
-1.813663868432644,1.141442246126476,0
0.5741531731228158,0.7222165121526184,0
-1.5206997485152982,1.8094142626139773,0
2.0966834196249855,2.0471413612815947,1
-0.23042698659609318,0.8690694399695935,0
-2.213884509213338,1.3957220595107256,0
-2.5625521677293417,1.2885136157552621,0
-1.0943394409345035,2.331515587981547,0
-2.1003715772353155,0.7633335464689083,0
-0.776024910071777,1.8982589117859217,0
1.3408956046430127,1.5467199943000978,1
0.6855491211108204,0.9582753853750868,0
-0.5694591081892122,1.0554112737836783,0
-1.8785515276382219,1.2351931563696956,0
-2.3152554503511924,1.4291593485569496,0
-0.6862578578226226,1.0380126430010403,0
-2.0514342730730997,0.7940141919665908,0
-1.8396120027381275,1.7015040738052307,0
-0.6841843596800603,0.8265208302227083,0
-2.5798385612852037,0.03134708359656779,0
-0.5759199897497018,1.6207576330817548,0
-1.3092473057479754,1.2522065035945864,0
-0.7112777353693952,0.7147478831758731,0
-0.6336610508456768,0.6677788421720212,0
-0.8862661414724334,0.2261347102441219,0
-2.164561286875388,0.9261899704889591,1
1.133222896584872,0.2549339281770484,0
0.6678708358490617,0.6856204276521615,1
-1.6681689327286233,0.7474503214318517,0
-2.4352191129539333,0.3755632285610496,0
2.4063910229950176,2.4572583028047514,1
-1.0592209181575936,0.6249336475653651,0
-1.4655359971989728,1.2894093393478512,0
-2.7747576492501613,1.363877687774098,0
-0.32668143938836147,0.9581006805629327,0
0.6320469241175743,-0.4155452390378598,0
0.10143687595783302,1.0365075855436703,0
-0.6546138770898944,1.0684400806372496,0
-0.8893899643233684,1.4067901535953033,0
0.7051316322943568,1.636649379543683,0
-2.514673801705046,1.6357566538441892,0
0.7481150398912924,0.5604482299273106,1
-1.4689828920744334,0.7379918146331983,0
0.28257914475862345,0.48054307837550647,0
-1.4150990873978488,0.8430825050224697,0
-1.2050830059638122,1.7065342466047886,0
0.4410273099215183,0.7562329197242014,0
-0.13234124205103504,0.009229628900195408,1
-1.3655925342919617,0.6720736784333643,0
-0.30726382144292563,0.20281021061472337,0
-0.4272414029785404,1.1835749681889143,0
-1.7967181961996097,1.6110757111969405,0
0.05477443908660362,-0.13275006767237452,0
-0.7243597577335719,1.1783983109731881,0
-1.7260459230934373,1.2314369514501482,0
-0.8269600264346418,1.6693473720399798,0
-1.7499191121176725,1.190577814270116,0
-0.5374540114358715,1.1758580527920395,0
-1.4115807120133619,1.4402266704946465,0
-3.1138636254098544,1.5176564219935615,0
-2.526920646128273,0.9160443081223577,0
-2.401216009387782,1.9975438049337453,0
-0.9613158491400555,0.5282870498269794,0
0.7620412037792534,0.673972004141838,1
-2.1230345443504834,1.060891387234984,0
-1.712582469643681,0.9525208665564235,0
-0.10870008595443093,0.3223514261437437,0
0.9148180306378993,0.8824601836012378,1
-1.8720555303781587,1.6038068182810927,0
0.7133732222583822,-0.3213607907307572,0
0.7282374245870644,0.5856361734121017,0
-2.476782233134829,0.8448355627946642,0
-0.8745224859028093,1.736866538098348,0
-1.9818235543829865,0.47107015677591557,0
-2.1321507891019786,0.15178151636242554,0
-2.227896016089442,1.6033731910871378,0
-1.4281740171635644,1.9309933652018663,0
-2.104190046219586,0.5599002154851176,0
0.40665785622729733,0.3112515814521243,0
-0.07976882842789412,0.8705249884897356,0
0.16137653893252446,0.26673132721847637,1
-0.9372409961130617,-0.36748773799119405,0
-2.28970098675065,0.47155547467782355,0
-1.1780424968028065,1.1544497847102366,0
1.1585621918762863,1.0432072881164054,1
-1.4047387085871663,0.45334630544771204,0
2.2234262087642502,2.150110760136216,1
-0.667849626364583,1.1418518337414212,0
-0.35764331812013717,0.2580099086506751,0
-0.9719456919242089,0.7588306369541189,0
0.035520968176617096,1.4184216612652638,0
-2.119582072696783,0.22537889007773193,0
-0.7957982197305283,1.533789053346768,0
-1.3930881369999633,0.877297113160058,0
-0.7396038856395666,-0.6231582993835207,1
0.2899619764056989,0.9433620651950877,0
-2.0467163286786687,1.6729554553273907,0
-1.7875806871997701,1.704913298226821,0
-1.9568922641638649,1.0741603221072569,0
0.1615665933489665,0.9080405949658328,0
0.28671765528923476,0.7373450059582058,0
-0.7234144585878411,1.2359748942429507,0
0.09446387677346735,1.1266118152083648,0
-0.28455943120473526,0.27673634898437016,0
-2.001588295430656,0.5263589559321153,0
-0.8356220609990114,1.1393497761869766,0
-1.3379148625440331,1.391809562170057,0
0.5976064120801903,0.6855034948513905,1
0.5519730274368884,1.0032807260840684,0
0.7247730092001441,0.41311906774694795,0
-0.07761176871465203,0.3022786718399587,0
-0.38823167695044003,1.1532733201114365,0
-2.143185050104246,1.696891318292904,0
-1.829263636103855,-0.01233258375221924,0
-1.349510594534967,1.4141535776100183,0
-1.3119523943731644,-0.13081068373461302,0
0.32687315725426647,0.46672442079567555,1
-0.23367178813792533,1.3381366450752223,0
-0.6538505750682004,1.560886558677236,0
-1.5107968427674552,0.16697279366847761,0
-0.16000603712905592,0.6474424634778355,0
-0.6993542814711999,1.5574768160327341,0
0.14847519554552302,0.1955561457985524,1
1.8985388880736767,1.6884310458314489,0
-3.0888281990243547,0.4469789562184314,0
-2.1188531994367352,1.360267439643214,0
0.2586684376537991,1.1818774130877097,0
-0.7983577858277241,1.2174090487552551,0
-0.1808772330849686,1.340142884905184,0
-1.4456189610536785,1.8724342929238749,0
0.5568763683366771,0.31197952711581467,0
-0.8472300360511611,1.755132651875619,0
-1.2896157282597565,1.0941023372500394,0
-1.8852817525607954,0.7979776027915702,0
-0.4791564340558907,0.5249209756945816,0
0.19993177111374183,0.12600582438568608,1
1.1506018452316813,1.1904039118666443,1
0.00733302650179346,1.2896370046253451,0
-0.11403358932417929,-0.052221897517320315,1
-1.8847797667025743,0.7531874138785718,0
-1.8428682596120836,0.33188370510184295,0
-1.3650192206908114,1.3858676315362208,0
-0.8805620875794798,1.1030735423761602,0
-0.13607858570554243,1.3060397441662075,0
-1.276351733139606,0.7843800783406005,0
-0.4413216599366505,-0.6885676344628975,0
1.2174644304712576,1.371791431384128,1
-0.2701815912171166,-0.29513208079184583,1
-0.9899603456736391,0.6898772042816501,0
0.7113498777467653,0.8001676532091683,1
0.6693814947710761,0.713598655169021,1
-1.5605004863670775,1.6262915580010144,0
-0.2744742209996238,0.8019035881319184,0
0.10297686281490548,0.7247560118884069,0
-0.9528585764435792,1.40703363600869,0
-1.0211352417084598,1.4833103109285228,0
-1.6320986965075317,1.074714888505072,0
-0.847574360218857,1.0041794295128006,0
1.7422047584718878,1.652463763523369,1
-1.5407382859013483,1.16783579518227,0
0.2158976819165208,1.8121713601341263,0
-2.3335951908060135,1.3202038743365916,0
-1.2238994042101314,-0.05447824392657763,0
-0.1660349577889213,-0.2829879707043941,0
-1.220409372271375,1.6786223922214574,0
0.6680629261396906,0.8522461609620446,0
-1.3646958331162165,1.752257806058553,0
-2.100362580988836,1.4956589149645398,0
-1.9303570876984197,1.2855008130268313,0
-1.2389334077615426,1.4906437679946214,0
-0.5718411435536135,0.7717366033796487,0
-0.4602756613376109,0.8231230518329358,0
-0.23543556208248095,0.24957291915491797,0
-1.4144104391323062,2.012160772294785,0
-0.7559121863784152,1.0362065413301544,0
-0.33524231417755046,0.6903241851373499,0
-0.013866946062268792,1.2164855269814272,0
0.08040086911458122,0.7881159667934429,0
-1.4419931711054956,0.7811593173731208,0
-0.8612461932322952,0.20702624142377424,0
2.6968417412758603,2.648972563643736,1
-0.9869989713092409,0.5871430977041281,0
-1.3278787417210145,0.8962456044124514,0
-1.6494986684974091,1.4372452536485385,0
-0.9558922708768957,1.6162541828339965,1
-1.202654095467558,0.9778777458716085,0
-1.3921010035749806,0.8607934269956212,0
-0.4264634938415417,1.1880069912580427,0
0.21863376575756766,1.9822898882407576,0
1.2239192939969517,0.43771344930750433,0
0.611189545853418,0.5276152294558168,0
0.44207121643810376,-0.06335968399624314,0
0.36813420053884727,1.5584596482711304,0
1.6683772109473454,1.6580523134669938,1
-1.1418184645267724,1.3980386102260556,0
3.051959088729948,2.96738511700023,1
1.053991362270633,1.29484822985828,0
-0.15447347262131206,0.7053870467029452,0
-0.25222069132316993,-0.08284259429916707,0
-1.408519041593706,1.20057521659555,0
-0.36824071491522226,0.6305661018455526,0
-0.6503520690195963,1.028998559242702,0
-0.4641939690076896,0.49803430857462805,0
-0.14681231081674628,0.43829504990034684,0
-0.17317367519718108,1.1581910413995504,0
-0.31180788594905195,1.957826712065748,0
0.9842852930645782,0.412203267924077,0
-1.2043665722775938,1.5030307501351023,0
-1.6513483213980171,1.580306735994243,0
-1.7813860662642673,1.5136013432255115,0
-0.40825913415186643,1.0756647120146097,0
0.5602603501964838,0.7875388110128279,0
0.716736605890498,0.7533653216207358,1
0.5697486775151384,2.105155361814858,0
-0.15409688244890585,0.609717308691186,0
-1.9261340735579586,0.6312421710475558,0
-1.503021899584657,0.8607598227457796,0
0.47387990421137316,0.4312994433447177,1
-0.6660264798967263,1.744181499942676,0
-0.9365018951459447,1.1829254244296579,0
-0.11240749166963915,0.5215346232471254,0
-2.1345768322103438,0.8030885742008396,0
-0.6765312749642249,0.17448585018192309,0
0.11761483032455389,0.7301240996094467,0
-1.507056810271814,1.4102790959752238,0
-1.5281453903812237,1.2366286858687676,0
0.9045986414015217,1.0468848797439798,1
-1.0349532197781603,1.6823486736473992,0
-1.7379765802707254,1.6439755507359606,0
-2.1036073523650263,1.9574344118823908,0
-0.1690923812183095,1.1306870782293024,0
-1.3728901815472005,0.43425557272498316,0
-1.3772639198538417,0.6466923514934426,0
-0.05098624177196198,0.006451744935674686,1
0.07208817189148764,0.0013735232748787185,0
-1.2752670330297988,1.5155166077978353,0
-1.0821904091912793,1.6639426566026878,0
-1.0871785862804784,1.0371945935629765,0
-0.9609703002157614,0.851465424855889,0
-1.821840183851564,0.8410278237138917,0
0.10582565128983379,0.2582489253911885,1
-1.4430913087786195,1.515569429509954,0
1.0963971180465595,1.1094709724432628,1
0.1020198337562146,0.08788093549481357,0
0.1515940888746854,0.7894535422792482,0
-2.7456243911485956,0.8718611818723112,0
0.26867399871444186,0.26319049503265657,1
-2.7829889985809495,1.4461231314383083,0
-0.611230294956947,1.5887847093256062,0
3.0087993863606384,2.994376919011787,1
-0.867746826711034,1.9479055167994963,0
-0.0018143339541043524,1.5018758513891841,0
-0.678921579251136,0.4416897252656943,0
0.16405637634716252,1.0775766143519758,0
-1.8579572564540525,1.5464482142459228,0
0.3820685324718247,0.7548316128105254,0
-2.5462730324663507,1.2003560183319033,0
-0.6689300706571321,0.7460860264568892,0
1.5389684393503515,1.5638539538146343,1
0.6965632963533697,0.7565644939423575,1
-1.4972994441775065,0.9313255780374351,0
-1.2994454150683417,-0.16011251133398874,0
-1.525476708156428,0.6683014700098509,0
-1.2091282621682744,1.2754779250080475,0
-2.4588400508654416,1.3830895795646558,0
-1.2554786996839398,1.3305934268719117,0
-0.6525661347631503,0.9093322114219213,0
-2.8480299120620263,1.1177828868605737,0
0.5366997935375972,0.5804896584112125,1
-2.3749061729351357,1.5055882754629804,0
-3.489807208235621,0.9032799416112656,0
-0.09573003729391627,1.5598716558118455,0
-1.5443537278026813,-0.013591780886084148,0
0.3689966954829318,0.16573925702017256,0
-1.5533930243455418,1.0576344893454022,0
2.1523414844208517,1.9203039753209756,1
-1.2945659553953681,1.8466014313352523,0
-0.9750187170353873,0.16376618744463822,0
-0.25170978106991915,0.30763997572944124,0
-0.23124467640735302,1.3056400583933083,0
-0.7883120400676854,0.9709367080253298,0
-0.6882189578855021,1.4018648630382926,0
-1.9708885986020257,1.6508663174476188,0
-1.2278532459175096,0.026935581810450193,0
0.2729316647413521,0.31050807360056076,1
-0.6491710148430998,1.2991092946133744,0
-1.025296230375956,1.2193845527128324,0
-0.9875032296806772,0.8701714914955606,0
-0.158114460107872,0.920817686260399,0
-1.4999489820865837,0.6533975842721138,0
-0.482336899936221,1.0162945038389999,0
-0.7147829524333871,-0.09646248726808015,0
0.7430980659501836,0.7775911595117404,1
-2.4702744717617384,1.335355375488049,0
-0.34822965632631664,1.3553762624828296,0
-3.031704172700315,1.607746232591119,0
-2.973925701985145,0.9724756450111298,0
0.7607416087217809,2.067014768187238,0
-0.7174749312203204,0.770219599581488,0
0.6674951428928952,0.6526150079451207,0
-1.4249464175749333,1.5124217669704503,0
0.44939206760641115,0.28611381564909033,0
-1.2313041150354527,1.3139846648421656,0
-0.617610747672522,1.2062965961559422,0
-1.0208171431642028,1.268810652023182,0
-1.29463664468732,1.0156521985755325,0
1.1010428009888629,0.9810827584348242,1
0.03398055031853353,1.8082999953362935,0
-1.3274879535628323,1.1373236977133718,0
0.6598591021943676,1.1800350872346796,0
-2.095522665939931,0.8816941656275369,0
-1.3628784393498636,0.5312168110860811,0
-0.5916443321519176,0.9453831093044067,0
-1.283035327419071,0.6556830953790997,0
-0.013181268640356514,1.7384730751749595,0
1.0550280617440004,1.1469362633087201,1
-1.4141347171009335,0.6690374568221269,0
-0.8142483177482044,0.5580807859675039,0
-1.3030247548273366,0.8895548307569627,0
-1.678853398337949,0.7216853424768346,0
-0.21167598101892116,0.21557357004234545,0
-1.9579060674352808,1.6373960852132479,0
-1.1854614829843162,1.430469726431126,0
-3.46483292984338,1.0083322187515167,0
-0.8794552622205989,0.1485418913193276,0
-0.6841926334331802,1.1768658679457509,0
-0.14885896634895557,0.5777634911999452,0
-1.094626785187355,0.9463931784447939,0
-1.9246137465517343,0.9903020939868061,0
0.035922578069011335,0.7711608553697454,0
0.011039362132147623,0.16593525475502535,1
-1.2059976921957771,0.8382866472249757,0
-2.4064256072019266,1.0891750647237892,0
-0.5336520861093994,0.4915600283346365,0
-1.5211107655434628,0.3798387023747093,0
-0.07479428559898493,-0.12405940525594938,0
-1.9427802259667888,1.3491339222556906,0
-0.16485253331411798,1.2816379681861858,0
-2.7854912178748745,1.2947627547022187,0
-0.41506186056007455,1.59921799858625,0
0.01600380905068821,1.7574212452370617,0
-0.7343182866271298,1.131938274654033,0
-0.6314071427117764,0.7416357436122171,0
-0.2466659734712744,0.6230825737090369,0
-1.4785336796865964,1.5058724475513587,0
-3.8324784356580217,1.092736702208838,0
-0.31498938034741863,0.6195958693564316,0
-1.1301357547102264,0.3090727236451245,0
-1.0400277061171885,1.6634196444752236,0
-2.0761550889158826,1.1224200893328988,0
-0.2604748840501472,1.13198221705429,0
2.091899979648579,1.872745044015428,1
-1.4330500248317897,1.4694796655027336,0
-1.881795018795534,0.924895854583021,0
-1.2972214566351785,1.1179883137824453,0
-2.0556959196391507,1.4051856411068546,0
-2.005149329462445,1.3117660570908571,0
-1.1305244578772475,0.8785920719861678,0
-0.14320972833126588,0.3879978410707786,0
-1.5007178090667799,0.7689651344316013,0
0.311224493069882,0.027518386653144655,0
0.28903554622371275,0.26853999035793386,1
-0.20542355671385104,0.991028844008142,0
-1.3850812229984382,0.10759628558235335,0
-0.8679204010315643,0.14432373001198806,0
0.7395285370872979,0.823795951915824,1
-1.014744246349233,1.2469799307957674,0
1.4558466175066773,1.4448265329159127,1
0.3132614862599252,1.503598115183922,0
2.1756302544323933,1.974033210047081,1
0.5405815731047343,1.272727251397228,0
0.5927861184915855,0.7219454200803712,1
-0.04016622738970277,0.22102797029256804,0
-0.7454305031842048,1.2822472416336625,0
1.8964932681890092,1.9409466531866975,1
-1.4617698279012403,1.1404136805537002,0
-0.2503716486890143,0.8178702038147487,0
-0.6111947129382498,0.8455243067582843,0
-1.138129105594015,0.32154853780836923,0
-1.520705340341148,0.6162353457358238,0
-1.4952165898363785,0.8098833523935891,0
-0.7724288120754543,0.689976801836555,0
-1.6675783630906862,1.1821604189163186,0
2.0197975799118053,1.9889879695396429,1
1.1289323916192875,1.181248391540346,1
-1.132188087739212,2.1194959210644972,0
1.0167750071917765,0.4985296126612905,0
-0.41470178700179905,0.8286473512549122,0
-1.6051102345985062,0.9515516083491214,0
-0.326145147730903,1.0689102428159534,0
-1.5895304956045817,0.853158219311478,0
-1.6359089004204939,0.3942305597903538,0
-0.6695550043537151,0.22010720193537192,0
-0.6816498981245744,1.1216271378600549,0
2.6486003842428696,2.6162461568365396,1
-0.1450221138899236,0.7046236036939992,0
-2.3555828698263066,0.8501379111318208,0
-1.2519424537315338,0.7562207157759668,0
-1.7081247887649549,0.21747131231354255,0
-0.9213330762334517,2.5283537729716747,0
-3.126985435078632,1.2004529024208905,0
-1.261202914032222,1.1814498851711421,0
-1.8312927454795453,1.3496699624334405,0
-1.779606487964641,1.830580758676782,0
-1.548957669677108,1.8521692430413867,0
1.2827209881396846,1.2786324041560397,1
-1.568643443962672,1.1608744943582754,0
-1.525033546575807,0.8668460167108415,0
0.2516001289665464,0.6450618540141788,0
-0.21127577793712637,-0.4120155659820721,0
-2.3185818029773326,1.5902871050300287,0
-1.4846730632163183,1.498020628837027,0
0.43653261170257385,1.0150845165483364,0
-0.8410986781103901,0.4945919581555379,0
-1.4811717904031378,1.1472148965876863,0
-0.22733906922984704,1.1030148491041265,0
1.0112057472586438,1.1708524343803073,0
-0.1638284503889622,-0.3021804472110823,1
-2.0385158581312757,0.5161011589496599,0
0.8031300702580877,0.49543902884970104,0
-0.6132375501944907,1.880255402196133,0
-0.9547615235731906,0.41334478765308535,0
-1.2664076240895379,1.4359343592332339,0
-1.2501747742556635,2.039839326390197,0
-0.9814767168360885,0.2981570704966845,0
-0.9775493989629049,1.6708097463165674,0
0.952465961028622,0.9088376717700979,1
-0.31521631707023623,0.3885297277746862,0
0.5803906892106488,0.690669591117784,1
-0.56504319279009,1.3150730328864662,0
-1.2079096703145915,1.9869547816071906,0
-0.3692855878824034,0.2340103696166802,0
-0.554074591994658,1.271303171522117,0
-1.4031495603506499,1.4520902882327893,0
-1.7156753706788326,1.270168418855577,0
0.6182086455112777,0.5865438555680981,1
-0.26884024698080355,0.41733817121887573,0
-0.5569116447098379,2.1444353708174013,0
-1.3093386445830058,1.4683473201201298,0
-2.6586558611222184,0.7921593657684407,0
-1.17302133786056,1.235261720024154,0
-1.4516439779863466,1.402472247493975,0
-2.9708885420596784,1.4878307173046346,0
-0.7441220392756072,0.37338610806971484,0
0.10396057164509465,-0.11630936616327636,0
-1.7534165420819057,0.9294349139874256,0
-0.38105084696924896,0.5395500723647932,0
-1.9385150166467575,1.1984762396269184,0
-2.1442867341138028,0.8977925825592226,0
-0.7308852364881507,0.621620837337637,0
-1.3461503016530163,1.6268677879756668,0
-1.6242596507163996,1.8697065186486603,0
-1.6327836638421278,1.284220674020805,0
-0.15072199870397007,1.6631993430185381,0
-0.4955246568662197,1.634109838194035,0
-0.1886793994692274,0.43723254258489574,0
0.8666701536341146,0.5469933967416463,0
-0.7504315246522386,1.4021086044752002,0
-0.1807274114944526,0.026232968139369706,1
0.872401970485905,0.1097092513706881,0
0.37219361837676135,0.8846307049063822,0
-1.6209320949012775,1.4501293490864116,0
-0.2513092288537655,1.2031214813426676,0
-1.337556290792953,1.541490074598606,0
0.3750750337373513,0.4472575128619709,0
-1.1358545668978275,-0.21132688155057955,0
-0.948976981020951,1.3233528093686986,0
-1.5241080981955624,0.29488509770771676,0
-2.5171892105707023,1.907099557305804,0
-0.9279109642934428,0.7592406310987788,0
-1.1030664298176105,0.41306131976213323,0
-1.5396747163131645,0.10740510527178815,0
-1.6018834492648737,1.473289999995373,0
0.6928650437391572,0.43928803391663573,1
-2.3293367194535204,0.6739488429291123,0
-1.4379956962305747,0.8634680800192096,0
0.21760842774539535,1.109639811028668,0
-0.6603473414779104,0.10042290204640625,0
-2.0154159332843506,1.627787190978593,0
-1.4089578842054395,0.6778002336034191,0
-1.5989315839119957,1.0658617870773153,0
-2.3861140183447405,1.522975568608704,0
-3.5016030285426125,1.2571206866342772,0
-1.9498677706015686,1.3129751627142001,0
-1.4604294046888793,0.9008643180469159,0
-0.13385408872749338,0.9348407604706919,0
-0.2839853672167796,1.3850766510357995,0
-1.6220995496665862,0.464735134944976,0
-1.6733761758141148,1.3339755832213465,0
-1.7202759125896705,0.4687728854634232,0
0.6761441635708176,0.8395164845361782,0
-1.7989919449621254,1.6232166099307896,0
-0.10886026345132116,0.7623324414791528,0
1.1253220574644833,1.1079712031813727,1
-3.4579759245094475,1.0651300698078763,0
-1.7276197680900114,1.086560802650852,0
-1.7212833270595476,0.8420132568067326,0
-1.8528919964157753,0.19437152460014284,0
-0.6738679826312467,0.8401675916932037,0
-0.6188080892450762,0.9352313748904039,0
-1.9590219204116273,0.8353283036518848,0
-1.6750120177104828,0.9303607715163685,0
-0.9597293624091856,-0.009295352647308297,0
-0.7576368836831282,0.7139262373777332,0
-2.0725989862807492,1.2350043496188114,0
-2.3349129813365828,0.3821781400277805,0
1.141679521924346,1.3619082446149455,1
-0.8839726700471493,1.4473936769161648,0
0.9276610763260567,1.205762096377999,0
-2.927954770807513,1.933178897373061,0
0.48358734906466605,0.8661289853546961,0
-1.0779371183919029,1.941112486480451,0
-1.4092101952282665,1.1714233745812506,0
-0.8994337531249024,1.2601968570774948,0
-0.9445609809758566,0.9803770731543442,0
1.6237435202809904,1.646136305236277,1
-1.486484506303573,1.3282046323498777,0
1.6316168628880365,1.6264867748311418,1
-2.208837108833667,1.3741476969208855,0
-2.0184624709765684,1.403958701994528,1
1.3397356911567377,1.1755281745390227,1
-1.1251093447996297,1.6896662498491288,0
-1.7765367811782649,1.1206956839934712,0
-1.8962045937967775,1.880102735929913,0
-0.8942900730148948,1.5062758095072732,0
-0.1903387165254018,1.5877197973647332,0
-0.7414599554965695,1.2204831211562577,0
0.7842415624800799,0.8445482031389262,1
-0.672140448930919,1.6223274428433505,0
-2.2100755634046507,0.8484549452391741,0
-1.271193456038469,0.6744998984230421,0
-1.5647461139533836,0.375816960677681,0
-1.2164804684027828,1.4722149084207081,0
-1.1344141270773924,1.8280365549180448,0
-1.906066288439206,0.7361078697309215,0
-0.009055768781479734,0.6976495543891592,0
-1.2269381865735784,1.374628538156511,0
-0.5831217420394246,-0.38538802136030315,1
-3.335159555687075,0.9828873372762335,0
-0.8682356519587353,1.5083154674070176,0
1.6850598025368553,1.5224996967459823,1
0.7826251271842803,1.100437458620807,0
0.3423385867088351,1.1632604420707375,0
1.6758216040959022,1.5307715713876093,1
0.3665381701805184,-1.0109911069670865,0
1.6466159459684988,1.512146449784667,1
-1.0344846820336635,1.3633791196468943,0
-2.1066355633079548,0.5867662908362538,0
-0.4164646909938585,-0.3477970512952535,1
0.4142367180897992,1.2006307965467025,0
-1.4040054243968862,1.388214372575099,0
-0.7791865968455628,0.5252606241401743,0
-0.10563924357828558,0.40571448657943177,0
-0.6045438746734213,1.4740709077391472,0
-0.11619633244097194,1.6814369178009847,0
-0.9355850023287289,0.5601187557159814,0
-1.0090697294186057,0.6846185762181245,0
-0.7714636796471919,0.8757932310884871,0
-0.7345424945094832,0.6077619999493723,0
1.9739376907934099,1.992430966547684,1
-1.5637873538339613,1.3492899881851628,0
1.3407087129987953,1.2286546800890228,1
-1.0272139921745458,0.967892223401015,0
-0.5399143577422857,0.31198350728964197,0
-2.0106491377526687,1.1119989175421523,0
-1.3056843579953332,0.8543684501296978,0
-2.058088699984818,1.6991953812239067,0
-1.2280722639849166,1.6839611304901254,0
-2.1199759492760353,1.1645925420713172,0
-1.2847533075753046,0.8978641028834591,0
-1.234576805257157,1.2321279214263114,0
0.27511932578273735,0.624683734855656,0
1.2225044165676229,1.6801657013153815,0
-0.14648997810865816,1.2064788572332812,0
-1.2210162249810175,1.0725795059504692,0
-2.7614267385015405,2.470910123183936,0
-0.8930292592344591,0.042767057231338,0
-2.480196745744716,1.4354996042662034,0
-0.5292104608442088,1.1262180529982293,0
-1.5865327356435617,0.9974738095852634,0
1.3481192147704353,0.14955070634204093,0
-2.578673960880101,1.6479781128605606,0
-1.8930314275763613,1.621360248292179,0
-1.5171946413561916,-0.31113500048817344,0
-0.8864090613269837,-0.7655064274308072,1
-0.6152322882153896,1.7071971928333036,0
-0.8987644353309606,1.5415164155471617,0
-1.6281416518521883,1.4311348103602015,0
-2.2263010610724274,1.165134394209457,0
-1.3390030903640633,1.6355593886425566,0
-0.08082008199263868,0.7422713119421455,0
1.0602544360176598,1.1637042833195197,0
2.0300851382006826,1.8217849147562555,1
-0.5408908094884706,0.7872201187080761,0
-2.0434840826863425,0.6365123882996282,0
-1.360276912369184,1.09961081413249,0
-0.20110425213322947,0.8263492355050623,0
-1.4738625782665111,0.9634934719604707,0
-1.143916954448384,1.4394760543421643,0
-1.298453861484117,1.149181994421709,0
-0.7286370794088759,1.8152230680875652,0
-1.2263442259174002,0.5327820171430142,0
-2.453370559916408,0.6536350632128527,0
0.6333771404746023,0.7548578844058625,0
-0.7640142253369037,1.5050600902768676,0
-0.24191498446435122,0.8742910209233641,0
-1.105930644998373,1.061155975738788,0
-0.7499186625280317,1.5330004459514461,0
-0.6574801393402682,1.6251202383243304,0
-1.35901256460042,0.9156686952783681,0
-0.636341775916341,1.2991166987691491,0
-0.8923826977182248,0.7082517312484029,0
0.8408003821133414,0.8189825489925752,1
-0.7201333895242705,1.373575790433582,0
-0.6615471118146172,1.5769913528995916,0
1.1705863237497183,0.21206529870268442,0
-0.8525656095256137,0.6475184066156938,0
-1.0789279397638463,1.108434915586229,0
-2.825792247360525,1.2209942866110766,0
-2.3538822320334996,1.8219149385637314,0
-1.3242009596924949,1.3865263262270107,0
0.3769192920198017,-1.0499569303695209,0
-1.3095449872112959,1.1846293827208372,0
-1.4745974769075612,1.0626796367764946,0
-0.5776533792406536,0.9747838041818994,0
1.2204971305827388,1.0248391136323884,1
0.42660765978415127,0.6883031372140147,1
-1.3671992113029734,2.050317718938686,0
-1.7052258955817592,0.6312664881179377,0
-1.4373828325551607,1.042021303877172,0
-0.7710777443018559,1.3575191724353741,0
-2.3230080718858686,0.5423748907539201,0
0.34989590826141315,0.2428612631115863,1
-1.2959449942239594,-0.42088553518046457,0
-0.8388646989541172,0.46876463722189565,0
-0.7385508412835909,1.3118332121528313,0
-1.6589402221347385,1.1291217263060713,0
0.9336763886081418,1.0005998046662086,0
-1.062072679662285,1.0909980429556385,0
0.3171101431438017,0.6339179798215814,0
-2.622171524686773,0.9908216262903369,0
-1.4958521373632379,1.932253110931307,0
-1.367110764868665,1.7384651994387066,0
-0.6137274788756835,1.1580429564686354,0
-1.0829507718353844,1.0827084740257218,0
-0.6112687592308541,0.5125778762071094,0
-1.0763261205653265,0.37628542963930034,0
-0.6214747860062513,0.05346876662491418,0
-1.5915382017829165,1.018801105081028,0
-0.8538245121936098,0.7125975955798385,0
-1.269370410839445,2.0830521098208616,0
-2.5973062516000933,1.2224103494359089,0
-2.741679351727229,1.5369747426741742,0
-1.4264528027335568,0.526157061344055,0
0.7464784854724223,0.9176821398347408,1
-0.8378583833674884,1.0591111386883247,0
-1.2278816303810283,0.6237990658175572,0
-0.5716960306848662,0.10865087401459839,0
-0.4708379434954604,1.28144165838964,0
-1.810611792186751,0.05742620889989336,0
0.803569735945977,1.4378033453917372,0
-2.2813985560854984,0.5131839992423245,0
-0.10680872257155949,1.369090321200317,0
-0.406817607526327,0.605502703673372,0
0.17453202997522022,0.3638735974399846,0
-0.8769588281678976,1.2932327022002001,0
-0.5569647495016715,0.7549357896701537,0
-1.1552495368932374,0.01627901530388176,0
-0.5302853846898483,1.2103016407485205,0
-1.0971186210254025,0.15344977556085726,0
-2.4926768336736416,1.7272508990789033,0
0.34469875004300454,0.3874138669976691,1
-0.41718205937050434,1.2970359976506756,0
-1.6653779907572117,0.6948364685594167,0
0.5977673721558696,0.7048483317176536,0
-0.8823391159972738,1.3165444396821162,0
1.2066940405746311,1.201820993103703,1
-0.5010813814089536,1.1277469725914917,0
-1.026326079166226,0.8495842921031271,0
-2.1805439447857355,1.7112661469553492,0
-0.955512310227055,0.7411810258302596,0
-1.3893099793854673,1.3503524159691733,0
-0.7483615091679066,0.8032604696146791,0
-1.9180873633618858,1.290893447442535,0
0.21192407160715754,1.3518257692148725,0
-2.0544725065460034,1.3223245356018474,0
-1.1475496793988902,0.8058545742952857,0
-2.83855713995636,-0.2968544742161101,0
-0.936132012232663,0.10869686100894138,0
0.9988005642364007,0.9630975511289779,1
-1.8800222153435688,2.3603968809598785,0
-1.0761581958854598,1.017028806786641,0
-0.40111629791319414,0.8404489157910817,0
-0.986657896954755,0.8475983710868518,0
-1.5139022073990693,1.0595441322514478,0
-1.9919871808682141,0.5803842790256384,0
-1.8666933115976714,0.679591192981495,0
-1.0830156513990858,1.3594460862613498,0
-0.22674021228213448,0.7915801711421828,0
0.1945243242195709,0.3836049714568426,0
0.4818260663115945,0.44294201184640447,1
-2.0235842116832954,1.6550329770461718,0
0.436812249134678,0.752806409879544,0
-1.07823660446996,1.1377919697637706,0
-1.4950285433004815,1.024783556669862,0
-1.867052881520195,1.458591801639464,0
-1.3478843309193542,1.508585388655448,0
-1.3197112545333658,0.6972791120299027,0
-2.6897538865451684,1.6892631314100266,0
1.089418861013932,1.2739445483447636,0
-0.6441781365187131,1.622778936117573,0
-1.311527676684511,1.4721544015052022,0
-0.8314182883943998,0.7075504598898021,0
-1.9735537484290337,0.7581126118680684,0
1.4481601577516483,1.341335239802855,1
-1.6548200965795332,0.7477809250225047,0
-0.9611033298221205,1.4857317333630942,0
-0.40255023389085076,1.22242200963165,0
1.2665201900576335,1.3706735690030314,0
-1.316192399898635,0.911164079708663,0
1.3405573228189485,1.0200269059851932,0
-0.5496426635391736,0.5742226898988452,0
-0.28198466659699783,0.47550948294587037,0
-1.4277692968669549,1.0191063457997387,0
-1.2543680422394021,0.42857352995045483,0
0.5182400169216527,0.5083266547251798,1
-0.35469812295173353,1.3740702493391377,0
-0.6288684685334874,-0.442465063187252,0
-1.2549654627209033,1.7707791633439118,0
-0.5709779480252866,1.2148133254804614,0
-1.5067791245264202,1.5732105964683898,0
-0.0024504700180051353,0.6518690599517456,0
-1.096581121196879,0.21854212223684955,0
-0.9537317349674426,1.0851267605651318,0
-1.9392321402942942,1.1827283904137964,0
-0.19695955327548464,0.754205953410496,0
-0.3340643571644776,1.5722040468632177,0
-0.42351570954328244,0.4489252600368073,0
-1.2214313300381945,1.7617367963839023,0
0.6015048370544114,1.7910107736627205,0
2.158351515338011,2.1143407499109146,1
-0.7196859861515432,1.0938247520737516,0
1.3503069536466472,0.6135276975417554,0
-2.026831072775554,1.3977118192673554,0
-2.1241793255997754,1.3682907182757855,0
0.15907806633056465,0.9402426176257951,0
-1.3807000692306275,1.6489830391762335,0
-2.0559408972701245,0.901614866272638,0
-0.7352494942734408,1.4633046208132363,0
-0.6226313513870553,0.8534856145833014,0
-0.8891221111478899,1.1697542802167356,0
-1.5365045480079134,1.428933321086859,0
-1.4832717378162736,1.407838248760632,0
-0.5444909215946298,0.5409792838361135,0
-0.6523857174116704,0.6335895545368535,0
-0.23970803994429712,0.5105332362234467,0
0.033677417267069076,1.3142137433887806,0
-1.463950530894198,1.3850833004867416,0
-0.4840760646657517,1.7404206412710084,0
-0.43614369005271447,0.1476577713240953,0
0.9001610499445989,1.3967868734385311,0
0.050217839675877673,0.6912238001404158,0
-0.9072607917080198,1.8258127738461745,0
-0.2647430144835946,0.7803171088604884,0
-0.3331247617550599,-0.5105683718701237,0
-0.44082274859986925,0.9143203689987658,0
-2.0595401484190283,1.2299098238147441,0
-1.3323527239808297,0.902695125574394,0
-0.22904402378477373,0.712480935666214,0
-1.1466073953599836,1.3842467130501162,0
-1.267573860507376,0.9085356751546712,0
-0.26950838421249546,1.269934740141157,0
-0.3381826688342561,1.1222717855918223,0
-1.3229828317095644,0.5273903971657379,0
1.3919358014827705,0.8593376565317962,0
-1.4961485669525851,0.7875064932716872,0
-0.756327579176691,0.38130881790018545,0
-2.643491781565266,1.2583063752052372,0
-2.1359478686775955,0.34423279583459965,0
-1.2725254740897223,1.2832114334519713,0
0.7320392172531149,0.8323808230980888,0
-2.822607415459035,0.9672739986074297,0
-1.8612965096122855,0.3704632370585803,0
-1.4619887507908966,0.731366695688537,0
-0.9702747570157839,1.4038022578529368,0
-1.4127293235549254,0.32235587686295486,0
-2.0635781705046936,0.5901270054360979,0
-0.3251113482090451,0.562127180038615,0
-0.667756467069468,0.8732665422378569,0
-1.8124207665312848,1.2289046962257804,0
-0.9417450862263492,0.5680441487568577,0
-1.5236167503139637,1.6482100441463703,0
-0.40410474507768,0.17801149119226867,0
-2.2753360420638344,1.5328278965357764,0
-0.797162586262723,1.3131474737501891,0
0.5103539820378873,1.8952049710457677,0
-1.1411513495795114,1.1036837103888186,0
-0.49435446772391756,0.899388643912531,0
0.38869074013446814,1.3266863730138887,0
-0.7411154101324114,1.1271940778440284,0
-1.6975159746443307,1.262103100524192,0
-2.50313007961997,0.23676747482654448,0
-2.0105435404199596,0.49428888042617325,0
-2.0006379855576144,0.15791195947950953,0
1.1352272804626518,0.5332135579578535,0
-1.3003078631758438,0.69310261032647,0
-1.514822526163336,0.15040642639426127,0
-1.2397708491999024,0.22920055339784917,0
-2.0235856373463723,1.0629041901939784,0
-1.507511345886649,0.7493649337100232,0
-1.593618880046522,0.6302258369168237,0
0.01780416188909073,0.7640490258671007,0
-3.0824511396570724,2.4371960003271456,0
-2.0374286863785627,1.3180394373707962,0
-0.9855254949591927,0.8245040760453464,0
-2.1861716961143927,1.5457393555375465,0
-2.500505196153969,1.2112939728001395,0
0.5005514429197195,1.6302171760358233,0
-1.093383627866524,0.8451225425615578,0
-1.2909324433632854,1.1759638161861776,0
-0.288707192920977,1.2248201086370791,0
-1.6306924840928128,0.9576695866935002,0
-1.1106386019227963,2.5703196280461236,0
0.23696189989807714,0.33888775509778346,1
-1.7412504437752996,0.5502703557150608,0
-2.475153088504587,1.8473159602619642,0
-3.4633833999650596,1.44679151448754,0
-1.137250683016146,1.0851696297439075,0
-0.6522420454998198,1.5210838494844716,0
-2.819145670771201,0.9448511962325198,0
-1.0692440772461511,-1.2774474094137709,1
-0.897463159439442,0.19854142050798695,0
-0.8766918221818708,1.3381474931691208,0
-1.3833663234695328,0.7105383389347586,0
-2.515809127592,1.133400875656085,0
-2.2482686871040194,0.5454160630652778,0
-3.2556916250517416,0.3295253265634568,0
-0.5481604265273587,0.40214499341316956,0
-0.6552120684450959,1.2948278064223144,0
-0.08439024802342032,1.0755741543541444,0
-0.6808751285326761,0.32757198554151445,0
-0.8296481814799355,-0.10557577733986867,0
-0.7707654444297325,0.3535344006231985,0
-0.9797369268885648,1.2307131321902538,0
-0.41090276565667283,1.4808776223394227,0
-1.4528788651885303,1.3105803192735865,0
-1.1039665978702058,1.428851801209761,0
0.27813708985094654,1.326249629362569,0
-0.3287550170280563,0.435845020687626,0
-1.7551028796588273,0.6038441382144286,0
-0.28274872139061935,1.2712770077762643,0
1.8511740260893403,1.4383033436524784,1
-0.7750529217637261,1.2291294663649255,0
-0.8088213073143806,0.9824216882828948,0
-1.9205050454139463,1.0420668339222956,0
-1.043665925226061,0.8227605110905727,0
0.0694109771233491,0.023406053657495485,0
-0.7710337288376578,1.8495617916469553,0
-0.22610344461918896,1.1151461278964778,0
-1.5300389615849022,0.5934525432485861,0
-2.471502226077864,0.8349537550548549,0
-1.743614928447546,1.1041958659912974,0
-2.34784043385472,0.9931216213208386,0
1.8736762526210267,1.7462910997683556,1
0.8846015844419952,1.504674312945475,0
-0.9682246357045736,0.5076804738653118,0
-1.1663322632432145,2.34964190291667,0
-0.5997438928821425,0.11754906999404657,0
-0.6988756952375172,1.2803220426040502,0
0.7162492993394298,0.5377295603081875,0
-0.9366777949603412,0.9381387636187447,0
0.22437417023357176,0.16702006711187645,1
-0.3593695995424515,0.784679399188597,0
0.5902897179688311,0.5469463420802483,0
-1.0913964669953582,1.3429415742795094,0
0.11649377895942425,-0.17336322169212903,0
-0.4037198055478718,0.6079246953981785,0
-2.0585390761915616,0.9788321343144699,0
-1.084237797494846,1.4107248072178256,0
-2.740609220688829,0.8194314141119534,0
-0.9158325515589614,1.0367262487810218,0
-1.4047385924845743,1.0935856422440295,0
-0.5359264078731217,1.6893452264460225,0
1.0097878819053978,0.9782467146903625,1
-0.24241086775361997,1.1545156756573025,0
0.7360841378093924,0.8190289465397329,1
-1.8636113549059,1.1326576905067183,0
-2.7398446358265662,0.11254395408904938,0
-2.3871906154033686,0.27137828424927934,0
-1.1566047103508548,1.1123563084110462,0
-1.2486511777236076,1.2907189028074455,0
-0.320157050951981,1.4560070631229687,0
-1.5562624247028523,0.2529742685587595,0
-0.4953014019070099,1.5130460332946503,0
1.0191750236148904,0.9122415923429573,1
-2.9567796756495124,1.4231468552831732,0
0.8553373339553518,1.068747276207235,0
-1.0601284433436626,0.7813442635689902,0
-0.18218474162570586,0.233776110337782,0
-0.4398339376861258,-0.48535466000499783,1
-0.49707139410130075,1.2170930491832959,0
-0.774518697589742,0.8131639032517822,0
1.08562474354621,0.3590511894709275,0
-2.533647711239965,0.40202712120793294,0
-2.0938875798140986,1.0733877576289588,0
-1.2898048787440652,1.6914225708802508,0
0.02361356219223687,0.8936386262008476,0
-1.0907017443103206,0.6123085120506813,0
-0.8969753105465793,1.1930429834558813,0
-1.6427863990791816,1.6855767993421984,0
-2.0533939190184105,1.633259623920602,0
0.2851884405165317,0.6697050769313451,0
-1.7855980793708,2.202699432106929,0
-2.0483969832913673,0.6940591301366519,0
-2.118425921012955,1.134498151930069,0
-1.1252471910617534,0.37732772839329665,0
-1.1938504344606307,0.42653608831586975,0
-0.9937547076734028,0.3320895468263986,0
-0.11466814994575159,0.07182299386222535,0
-1.779853738203112,0.7965817559187562,0
-1.3859505087171469,0.9152776398191684,0
0.6854753251598884,0.6920092718818472,1
-0.7760473407595956,1.1867792888304827,0
-0.09047393769792111,0.16268778059528066,0
-1.7047384770040641,1.7568269664306693,0
-0.23392032185959777,1.5636508717593463,0
-1.394736450867092,0.4280979795560269,0
-0.9979975223835044,0.640583061321875,0
-0.5013014034788341,0.6920504303577562,0
-1.1785220675300712,0.02265366661672663,0
-0.7283398350506722,1.0893949344348715,0
0.7394102265479061,1.6096966612856822,1
-0.4841997301325355,0.7679604031216843,0
-1.8391128849311122,-0.09614600273067841,0
-0.01586736021263002,0.24111592780617752,0
-2.0394966680668043,1.7219710208435632,0
2.762201595555644,2.6056094062346906,1
0.6148535156444885,0.656929047378538,1
-0.47688628910096287,0.2894630917548494,0
-2.364763306638373,1.7191018553138104,0
-0.49428507715422665,-0.36212040153962977,0
0.6284072956857318,0.8192142756937012,0
0.04887376230008145,0.9204421851766512,0
1.1178298124175836,1.1517043136559844,1
-2.758325156048933,1.2340690405115102,0
0.02164495768921193,1.302352464451987,0
-0.9754535103910917,1.005818818617004,0
-3.811219642620141,0.794386223972988,0
-1.7365916834877173,0.7085049334819187,0
-0.09881542404800814,-0.31055005921028633,0
-2.507621796183132,1.359038827139034,0
-0.4200438231674276,0.7693575273775825,0
0.4538160397528903,0.6831486085088381,0
1.2814102905932754,0.8763521086705994,0
-0.1412387748784334,0.7365910728940145,0
-0.5758839926681989,0.5975122102999468,0
-1.6877746047388131,1.3905530921233853,0
-1.2144902135658704,0.9671897094635551,0
-1.6511503099529365,0.6001716695885859,0
-0.7397072725233297,0.7732693993504861,0
0.46428376719843945,1.0910274772944195,0
1.1961269817173612,1.1531216190658045,1
-0.15406282853141695,0.9577825793466657,0
-0.48090951935558435,-0.4826287092034087,1
-2.1292647002952685,1.469492946904591,0
-0.8821723838320293,0.6942890981129335,0
-1.0678577168691896,1.0694343921246319,0
-1.353085679688144,2.1274289402008977,0
-1.4631973847479314,0.805895371375531,0
-2.2395053313716904,1.5245431372761318,0
1.5951030115890608,1.3375939483499604,1
-0.04650782544519605,1.473805221682524,0
0.575098840766848,0.49963506063204344,1
-0.13048672769612102,1.3197572316607749,0
-2.0653071599081976,1.2626345910860417,0
-2.181071702793367,1.6787853459219817,0
-1.3902188726945934,2.042959560378905,0
-0.7725135463096241,0.09207579665977683,0
-0.09263790794716154,1.474053000654254,0
1.6070710140338254,1.4973153590842538,1
-0.8208894231497741,1.3778712235398691,0
-1.0836407831088177,1.5471173225053618,0
-1.4086401890383593,1.183323878018638,0
0.7310292414932604,1.3368079053783295,0
-2.5342572234045013,2.094356425083091,0
-2.490853085925016,1.881248000900488,0
-1.6407068813122387,0.8596654139104878,0
0.7191213443093056,0.6681346949666402,0
1.1706312738912432,0.7432905777215981,0
-1.39145237304035,0.7259684502035723,0
0.02838135645744,1.287218807356373,0
-2.3246188500047738,1.0292759532931886,0
-1.4234012595059533,0.16329815740169729,0
0.6209607125729133,0.5919764151719085,0
-0.5015656775165067,1.6727453258784406,0
0.6641151449559797,1.063604752321393,0
-0.742479707387499,0.8431153193360532,0
-1.1972528127853763,0.4093627383219628,0
-2.599516253382821,1.3095329009380001,0
-0.6546021609233441,0.2569422478131529,0
-1.540421893589402,0.10700295493390366,0
-0.9452612512308639,1.0550406985773306,0
-0.7278635145283466,0.7825541521503262,0
0.09660382839153292,1.180415940815431,0
0.5478922710892722,0.15670460788354834,0
1.25788358836191,1.1169255578739725,0
0.12490298694810709,0.2193406327867753,0
0.49749448482962566,1.1904404693846558,0
-1.8191055756513241,1.133684459202265,0
-1.772804002647766,0.308780444136707,0
0.07750206947907623,0.31482716947898537,0
-0.7666812289653349,1.1092062958907227,0
-0.7411317359176862,0.5532197268481699,0
-1.4890679696144724,0.9219590145825567,0
-1.376179242695187,1.0099769611141414,0
-0.8597809696650702,0.768123730129025,0
0.945227555501898,1.044433737219587,1
0.005388084226475076,1.7889975734249317,0
-0.4389823958769894,0.8623550702688949,0
-0.40151830478735384,1.9645949141541146,0
1.7432726912992544,1.4777199507259116,1
-2.9992190874995464,1.3845131156889299,0
1.0253845653673244,1.243346877410681,1
0.5697172435417339,1.2318593298344553,0
-1.4934321198373548,0.8529923749700161,0
0.6910145176276292,1.6552149371503266,0
-1.3118578865663242,0.2805719105719767,0
-0.655767021660155,0.23477502651383597,0
-1.931899368231929,1.3062671181696874,0
-1.0184769925456278,0.7746418602150218,0
-1.295977488027638,0.9890966534080828,0
-1.8990797978142888,1.7189741450594016,0
0.17864789539367676,0.9690431284006827,0
-0.43651526795418194,0.6503318672969153,0
0.8645667597628646,1.0521949451258936,0
-2.784183283059073,0.3444761479211982,0
0.5623068652918675,0.7709769763274774,0
-2.6734829162946316,1.3661074356341762,0
-2.100014161803869,1.3209899927605298,0
-0.9792863388703856,0.8753708818400708,0
0.06484836534234883,1.285471153816843,0
0.07759122437301436,0.4867166203397534,0
-1.7382149810643754,1.147317449842511,0
0.8510394247199926,0.4967659638633407,0
0.8874074277747939,0.3541505326606528,0
-1.2489700781228965,0.2545166702497823,0
0.48755452077036665,0.008038392905267089,0
-2.0673645295591587,0.5437594501805223,0
-1.1129011406042861,0.8342217520462915,0
-2.238489391504534,1.8082803877824745,0
-2.619061042372624,0.6662584063142085,0
-1.5869653307765506,0.3496296491421851,0
-0.03378822195440956,0.8830814113494109,0
-1.6231376498788435,1.0991658371960997,0
-0.7914416100280897,1.1465903481043733,0
-1.7547503004007319,0.6455212177587413,0
2.7737037393870683,2.642458050553177,1
-0.8926291792291161,0.6427365691534526,0
-0.32203739699021694,1.3737844680791214,0
-1.1441250424349343,1.3480986778850177,0
-0.057133484524598654,1.237446281693929,0
0.08134889811335855,-0.03521508767385506,0
0.3731668576322409,1.3323299837994735,0
-1.2467931550923885,1.2191810147145288,0
-1.0487414257850531,1.1237601031873132,0
-1.4910239691706537,0.8824572989891456,0
-0.16031672732466573,0.8041824803708634,0
-0.44185451095374717,1.8164189563229138,0
-0.48955853733271515,1.8471750509446827,0
-0.9170954160809686,1.1996986616235255,0
-1.6025768154942157,2.578741224544318,0
-0.36188650381161147,0.8646654491340057,0
-3.0656008233617955,1.7695411736966733,0
-0.5123845964595506,1.677698831559651,0
-1.9008460957765971,1.1715835049704046,0
0.6391363906260046,0.4830567693994555,1
-0.38055037123293545,-0.29541820637721483,0
-3.0046368057105255,1.649405669288732,0
0.7592361454207633,0.7300991659088842,1
-0.5257531730407603,0.45844815014842777,0
-0.8706650737598841,0.2071291525607335,0
0.069923278065541,0.05088161559300364,0
1.1900169551119177,1.2564950992980446,1
1.2946677484813418,1.3021841522167066,1
-0.6286592736684713,0.06591655598246016,0
-0.7835980911267335,0.4174465206621394,0
-1.4689177063065721,0.7370398540143113,0
0.2785886926706542,0.5413531085067611,0
-1.2244474097637221,0.6100053586873251,0
-1.034242258696959,1.3735996295383006,0
-1.1669414580887942,0.23895016671344194,0
-0.7817078733770292,1.214527595210441,0
-0.9860322950316316,1.1606467325205028,0
2.164984721726994,0.5211337846357831,0
1.0439607771783543,1.270208918526894,1
1.2741263283957807,1.3635124879589982,1
0.12890026158415213,1.6683638717735816,0
-1.1048359478122232,1.0393129193375013,0
-1.9179851073709946,0.4728117364824542,0
-0.4733852275522009,0.9239112349861524,0
0.8450258296729727,0.7271707386961974,0
-1.2722841312798243,1.1378500840057804,0
0.3157217029640216,0.4145176576714278,0
-1.5789858945174027,1.0899642122467774,0
1.1554631926407,1.8869868915329198,0
-2.4769258613769205,0.8447729403539547,0
-1.816324638938665,0.6989714548781452,0
-0.6013180339980355,0.6024103378178325,0
-0.7523456323658941,1.1445724816741205,0
-0.6181902862780995,0.466468325724292,0
0.839205416356134,0.07533753328225046,0
0.8253808671602324,0.7986998006285373,1
-0.9086340729784153,1.0851283852726112,0
0.8046476304201993,0.6949073624411334,1
-1.4250843738590977,1.43534242482958,0
-0.42907592284831186,1.2549607660790814,0
-1.6327288906734267,1.8129470398773289,0
-0.4545389202604502,0.9728240020123583,0
0.0808232078191311,1.2533769273917623,0
-0.5844162044072598,1.6180724317469801,0
-2.30959263845172,0.22509793861610783,0
-0.4550666412532407,0.9800732639677702,0
-0.4596810109467149,1.3217903279748406,0
-0.48655248244191696,0.3196160749204865,0
-1.377520477473524,0.8816762652347415,0
-1.0220374448189278,1.2054899953295846,0
-0.333199731938868,0.08370190247503928,0
0.21598041318551875,1.7091866804650844,0
-1.9582731170136365,0.3418636167220981,0
-1.3390913945742406,1.4987523065567006,0
-1.410426248357854,1.6399490529778435,0
-1.1436344573800696,1.406834549208161,0
-1.4333612279280965,0.2709757280531163,0
-0.40551952463358254,0.7175631042944213,0
-1.6622147424394427,0.18134594408145943,0
0.5432963462459051,0.731991195580649,1
0.8593500811321433,1.4817831724383557,0
-0.5931966515535548,1.005254150093789,0
-0.5466138040376984,0.9060694088054835,0
-0.9924820019558382,1.602970320920067,0
0.552121007856994,0.4537234847789313,1
-2.1844044612094553,0.35902084295884684,0
-0.4749632297389216,0.6734502029286199,0
0.9137045118372049,1.0693100168149348,0
-1.1918832294035415,0.9961774023805866,0
-0.8569226530142209,1.4062583004244202,0
-1.266695424597593,1.2426313942708966,0
-0.11217101079785818,1.1125916054210252,0
-1.9017272902405278,0.7072684997279118,0
-2.028482129803396,0.7227152735721052,0
-1.2264564507878648,1.4635989933837938,0
-1.331251742472528,0.847995949806631,0
-0.5645985472559488,0.4666608298777053,0
-2.798501996327473,0.7311382396310997,0
-0.5888267468340861,1.4463740041689441,0
-1.707573134264885,2.0460674343759173,0
0.22033725635621582,1.0587653103479457,0
-1.5967303439766924,1.305059252815483,0
-1.6912319315134277,1.1362910057058064,0
-1.360914246446058,1.3343091355478252,0
0.7076898739366735,1.4756318125580659,0
2.291911212701761,2.318841388408078,1
-0.36798689063380663,1.1747396056864243,0
-1.5439125770300488,0.8750562329548681,0
1.3975593819589194,1.518291607566851,1
-0.46021496967480013,1.507541171839946,0
-0.08379958786042041,1.336911990245802,0
0.02807118013593035,0.9113222419273693,0
-1.2266854788312125,1.0146399540086775,0
-0.8576333884728166,0.9926273292208936,0
0.5559092405075492,0.5633364632292653,0
0.7607046099727599,0.8502567431854645,0
-0.7982546145581606,0.7110003902223895,0
0.4921357411055489,0.9949386982948429,0
0.32698570282330053,0.8828793356734292,0
-0.787229409718536,1.3315365737068052,0
-1.4782719755262916,0.8723205828114587,0
-0.832692376740529,0.9791281819503725,0
-1.8300958184470684,0.3593402706659321,0
-2.470378867383512,1.6510346767033823,0
-1.1705904497548723,1.3628366490139998,0
-0.6690464462125634,1.4837444417020986,0
0.2427363003239521,0.1196547413593827,1
1.4527578467918145,1.3678566747726204,1
-0.2605267560978478,1.3224602121540354,0
-1.4572645127223125,1.4597899221900512,0
-1.655815690862388,1.1442526423043724,0
0.28382894625476873,0.8679332386369,0
-1.8575310352819088,2.0521024893924302,0
-1.4331195105111227,1.4972556654388567,0
-0.7804933136860455,0.877734144688887,0
-1.106405256165948,1.2039900140142477,0
1.4451501605198511,1.0614995278792865,0
1.1871592089345961,1.283979833443489,1
-0.37788849494749,0.8492557617436048,0
1.0043971928472684,0.4731485778774478,0
-2.041334421501886,1.0365461180372726,0
-2.6802446559112774,2.500290905068338,0
-1.1092279614834868,1.5169010675972405,0
0.45169372832777466,0.441436047767679,0
-1.2083049086176718,2.0165942885389914,0
-0.4712018061164923,0.8414865977366817,0
-2.60762824146937,0.7675474129702587,0
-1.1862973094161156,1.215642771120871,0
-0.035422079708070875,1.0773408468660253,0
-2.5353335344688714,1.6896097824768077,0
-0.9803934193369068,1.1143823632807615,0
1.9502678664123911,1.9245180296343547,1
-0.52887462563394,1.0703917545559323,0
-0.7212382456678313,2.1946587236110955,0
-1.0133718193572157,0.47922752880353514,0
-0.7755132107674749,1.134079649890322,0
-0.29721409663986675,2.2138661579834196,0
-2.0030341958931457,1.6686176010578353,0
-1.2946864738781465,1.7644669805051114,0
0.05492832637194667,-0.061545887033261915,0
0.14750056114186405,0.7202448805869671,0
-1.4287803066324538,1.478568704891091,0
-0.44515291457726647,0.27975335400876733,0
-0.20678070899790146,0.5562087131074172,0
0.13641704280361666,0.971406799913334,0
1.4478284117292688,1.3534242257257643,1
0.6362710837444607,0.5254881019762447,1
-0.3357520253849121,0.9210428945670547,0
-0.1563940906253123,1.689525531587131,0
0.2621106566195037,0.3297705054087151,0
-0.6203976615148007,1.6296338328724007,0
-0.7183825609169692,2.561639851986531,0
-2.810849063141358,0.8540803119465616,0
-0.1701613498769845,0.2596938591039797,0
-2.1364805870092773,2.3441439826643817,0
-1.1406016004295303,0.3796635017557958,0
-1.1396388446445789,1.7104747886181215,0
0.44371791719738085,1.5138246882083481,0
0.021610651008669324,1.0275321459107147,0
-0.6684650758210159,0.39046858217018665,0
0.6850110562372658,1.6698083749207564,0
-0.47365260914692187,1.0533670135565367,0
-1.3724937949999598,0.5812988808400201,0
-0.7493286425275614,1.6929989642506387,0
-0.24352246744073403,0.8034120920174856,0
-0.7603639804776786,0.7182064897267078,0
0.6122693687027536,0.6061784836383035,0
-2.153088554990385,1.6684082130526023,0
-2.4363257561077916,1.9982032501204756,0
-1.7623359590901413,0.9248105740989455,0
-0.24642060278730304,0.454414007939849,0
-0.6534985508032626,0.8341118248256405,0
0.20429499365593506,1.367426711883092,0
-0.6212659529492399,0.0654214230939093,0
-0.7827421703370714,1.269186081641656,0
-3.5607490779306574,0.9314572897563583,0
-1.3952524386951712,0.5231330967035636,0
-1.9948923528338045,1.436879577626887,0
-1.6669538356986875,1.2674107903073164,0
-0.8847879123696183,0.8605645045612336,0
-1.0348293571035894,1.6150243234792543,0
-1.5979890665395078,1.327053117194127,0
-2.879837068303797,1.9350590286106049,0
-2.6932052919727143,1.3438827970814737,0
-0.5500000793674558,0.1876754430465445,0
-0.04614541358616031,0.7947364641684969,0
-0.7114260409976774,2.2141785521834194,0
-1.2052027395141662,0.041523291233098614,0
-1.42375475067309,0.7701144485860566,0
-1.2679427480740304,1.6100740878146085,0
0.004583857831742533,0.8172567232502497,0
-1.6815020679610728,0.40981031997698214,0
-0.018736128054641643,0.7789335503945132,0
-2.281589266706433,1.675481391209606,0
-2.342963795737992,1.2337745067368269,0
-2.5686194197995675,1.169453267611869,0
0.13880467053600043,0.36073387007134927,0
0.553724844253104,-0.2065921850243817,0
-2.210578297527629,1.1329729942449995,0
-0.04664915476215514,1.5058423099489988,0
-0.0881181613162666,0.6976038398433957,0
-0.5673992183085566,1.0355764459146686,0
-0.7867347561758748,0.11843559668139014,0
0.6613724580809273,1.1655585579898402,0
1.1275604500243293,1.2847563037505134,1
-2.0018009595782837,0.7606298529421615,0
-1.698375007210813,0.6870912043470022,0
0.25673653619926506,0.4216081628708035,0
-0.5744279634022731,1.1552066251462016,0
-0.27248635734176063,1.0486275428807346,0
-1.4794468871797783,1.0988090675194784,0
-1.2891994294471631,1.420023948451684,0
-1.0027424037474983,1.3287495507758718,0
-0.4800152816934382,1.6798211342942997,0
0.589902517765378,-0.18174177193236463,0
-0.9719208380852822,1.3555526391339519,0
-0.459662640570212,1.5419183424465492,0
-2.404733468689911,0.8083084060182979,0
-1.9257984778450854,0.02783415089319763,0
-0.2472192328533156,-0.21174759248210284,1
-0.9628031593943798,0.6053439838591927,0
-2.1246977134947476,1.1771113770924029,0
-1.0875879494936231,1.1590096668004373,1
-1.8032170279348327,0.5900659957066666,0
0.2886243247098237,0.13311324352725584,0
-0.21865470179930302,0.879211122051268,0
0.795560829537431,0.5963417229672316,0
-1.137042190566821,1.7098342249674603,0
-0.818872622108902,0.7306263781092254,0
-0.07461160363974484,1.4118173995686274,0
-1.1245774014279413,0.5888335940007506,0
-1.6186410663089654,1.076537668861826,0
-0.5121188922539424,0.273200373184721,0
-0.49092085094182536,1.8603875469204705,0
-1.6829759416932153,0.893430882388647,0
-0.7559101492934683,0.23814207026431455,0
-2.8710223271127178,0.8288321318678946,0
2.031051942237071,2.0710785727070875,1
-0.00853328832481981,1.3643254018852777,0
-1.089052451056647,0.21833810834573142,0
-0.17550123029956077,0.8493375088566846,0
-1.3834342600239993,0.843009226945015,0
-1.5091023807430597,0.5816528147384956,0
-0.858839064180494,0.26915391481756823,0
-1.8091601490385487,0.029486588236920852,0
-0.3602300571549093,0.6788843327019661,0
0.025912052919856765,0.17201806624944427,1
-0.6369781347647592,1.3210469227526764,0
0.004084500128317625,0.38127045568032625,0
-0.7664740722269985,0.6959570857314809,0
0.352538156176031,0.32316285305249637,1
0.3866529694745242,0.2772086155680764,0
-0.08453246861384889,1.2871787146834186,0
1.6872983882040122,1.5873254085570543,1
-0.15922224795620354,0.21129043881349674,0
-1.987204209583311,1.716578786387112,0
2.803876154548905,2.639982118568323,1
-1.8791716804195866,1.4003645085272174,0
-0.5130541611825938,0.1485698662027578,0
-4.296689300863696,1.4228741208857625,0
-2.4948202345589783,1.4633026142704897,0
-2.2929419200084666,1.05940580624676,0
-1.4229319064315853,0.9052720375085928,0
0.0740726813510888,0.08695568412838572,1
0.8105900649265131,0.7957767363072602,1
0.9317678121406217,0.7090017008935682,1
-1.0383747831320003,1.522442152032708,0
-1.9638264098966318,1.0306156690257537,0
0.9153112488400992,-0.0012223524920684792,0
-1.4256648908656016,2.172177955021632,0
-0.9949454361139771,0.8175105443537972,0
-0.8094545886609649,1.4683642729713233,0
-1.3565902762335824,1.0169002148203194,0
-1.4951820554945972,1.080541246955756,0
0.49754754604954043,0.24244356905349795,0
-2.685150532943721,1.2165960199418617,0
-0.15487034276120193,0.4656090591482416,0
-0.5790350975809007,0.22485055410678823,0
-0.15524349572416452,1.26332915575553,0
-2.8704081086862026,2.1061292474262157,0
-3.399537699729898,0.5455357851696434,0
-0.8800230307803778,0.8560420811277327,0
-0.7566018678026871,2.0176791871633597,0
-0.2753745010652535,0.652154784010533,0
-0.6825915520953636,1.6757053814604408,0
-1.5595346186562142,1.210299193288482,0
-1.6068802219234621,0.7833315181117395,0
-3.199885295521061,0.4158241084357349,0
-1.1362771549412896,0.2217601963262673,0
0.22373872437782705,1.7856745829729284,0
0.06607194983849363,0.05175303215721594,0
-0.6113922841257824,0.32089257696595985,0
0.34041870400650065,0.5159453773098855,1
-1.142228839123991,1.4007418781143917,0
-2.334284216470702,1.8352892439891693,0
-1.439933271985674,0.9393870915315303,0
0.45418100772324443,0.7080588828138272,0
1.519590260641773,1.415097512778432,1
-1.0480970066245276,0.6158291871078276,0
1.3971447607203924,1.14281892951014,0
-0.5922486243951153,0.47949739770972266,0
1.344537045285128,0.23557303508238392,0
-0.10714386194712078,0.7881515137862977,1
-1.8602394709489491,1.8067742180086401,0
-1.580834308682985,1.471796171336976,0
-1.649278482754052,0.9182573183021878,0
-1.9939470328724034,0.8301104311686481,0
0.2640591887991437,0.4838901372465162,0
1.0868960942559271,0.9387781542858423,1
-1.25451738355919,1.1812911906472505,0
-0.11468134642786221,0.977119043407923,0
-1.33365776991017,0.7852416557617763,0
-0.36662871383472595,0.9582377205948356,0
-0.8569353867450836,0.27031241988016164,0
-0.701173709520698,1.5043992911341024,0
-0.05501267065284021,0.850483563494263,0
-1.2443441013488137,0.1693956400959633,0
-1.6486939051675964,1.137239819741761,0
-1.0414592520027521,1.2541984749982535,0
-1.75707823601202,1.4337948928891064,0
-0.3875445348515071,0.9392902282969003,0
-0.9934288174825556,0.7755551921922772,0
-0.559515808359288,0.8084021099414179,0
-0.2012206002684619,0.4223702072980966,0
0.2616693127537646,1.59166419866092,0
-1.7787970055181157,1.5594292141021406,0
-1.5513231366373783,1.0661566620164125,0
-1.531515741606481,0.9135803184535563,0
-2.6316723547615766,0.605953087705073,0
-1.427088994086661,1.1538511994226903,0
0.9432834267379792,1.1717580724923482,1
-1.2710576374859477,0.8284283739308183,0
0.28066495750238585,0.18369736635526035,0
0.05229362088589573,1.0676345095820234,0
-2.331518381889656,1.2792949083370149,0
-0.768846240468184,0.7333368398667219,0
-0.2580503196995627,1.2535955294874113,0
0.9232638372929491,0.2576425477771177,0
-2.746103381337314,0.950723606429097,0
-2.7423663819067787,1.8764688737979065,0
-0.6048946472130985,0.5110028616525013,0
-1.423989373832951,0.7918904155251296,0
-0.40210838630390044,1.1348765247073032,0
-1.6373501707065021,0.7577330988928137,0
1.311786115929162,0.3752127294336469,0
2.0709170764195863,0.45055607507772955,0
2.166108062960192,2.239910710412859,1
-0.3897483587864712,1.0966222342820775,0
-2.262200354879744,0.5499596744433957,0
1.0180234064966927,0.23459773473440115,0
-2.888715865489047,2.157574304213357,0
0.7821919717722166,0.5271949175450392,0
-1.7487610820861974,0.09182838525401882,0
-1.8413760583171204,0.5209286572311077,0
-0.9275781414437552,0.8792236259546464,0
